,Title,Price,Rating,Link
0,A Light in the Attic,Â£51.77,Three,https://../index.html
1,In Her Wake,Â£12.84,One,https://../index.html
2,Slow States of Collapse: Poems,Â£57.31,Three,https://../index.html
3,The Nameless City (The Nameless City #1),Â£38.16,Four,https://../index.html
4,"Princess Jellyfish 2-in-1 Omnibus, Vol. 01 (Princess Jellyfish 2-in-1 Omnibus #1)",Â£13.61,Five,https://../index.html
5,Immunity: How Elie Metchnikoff Changed the Course of Modern Medicine,Â£57.36,Five,https://../index.html
6,Algorithms to Live By: The Computer Science of Human Decisions,Â£30.81,One,https://../index.html
7,The Shadow Hero (The Shadow Hero),Â£33.14,One,https://../index.html
8,The Bridge to Consciousness: I'm Writing the Bridge Between Science and Our Old and New Beliefs.,Â£32.00,Three,https://../index.html
9,Modern Romance,Â£28.26,Five,https://../index.html
10,Dark Notes,Â£19.19,Five,https://../index.html
11,Whole Lotta Creativity Going On: 60 Fun and Unusual Exercises to Awaken and Strengthen Your Creativity,Â£38.20,Four,https://../index.html
12,The Power of Habit: Why We Do What We Do in Life and Business,Â£16.88,Three,https://../index.html
13,Swell: A Year of Waves,Â£45.58,One,https://../index.html
14,My Name Is Lucy Barton,Â£41.56,One,https://../index.html
15,Hold Your Breath (Search and Rescue #1),Â£28.82,One,https://../index.html
16,Code Name Verity (Code Name Verity #1),Â£22.13,Four,https://../index.html
17,All the Light We Cannot See,Â£29.87,Five,https://../index.html
18,The Midnight Watch: A Novel of the Titanic and the Californian,Â£26.20,One,https://../index.html
19,Hide Away (Eve Duncan #20),Â£11.84,One,https://../index.html
20,Mothering Sunday,Â£13.34,Two,https://../index.html
21,Without Shame,Â£48.27,Five,https://../index.html
22,Chernobyl 01:23:40: The Incredible True Story of the World's Worst Nuclear Disaster,Â£35.92,Two,https://../index.html
23,Roller Girl,Â£14.10,Five,https://../index.html
24,Heaven is for Real: A Little Boy's Astounding Story of His Trip to Heaven and Back,Â£52.86,Two,https://../index.html
25,The Story of Art,Â£41.14,Four,https://../index.html
26,Nightstruck: A Novel,Â£50.35,Four,https://../index.html
27,Benjamin Franklin: An American Life,Â£48.19,Three,https://../index.html
28,The Barefoot Contessa Cookbook,Â£59.92,Five,https://../index.html
29,World Without End (The Pillars of the Earth #2),Â£32.97,Four,https://../index.html
30,The Dream Thieves (The Raven Cycle #2),Â£34.50,One,https://../index.html
31,Isla and the Happily Ever After (Anna and the French Kiss #3),Â£48.13,Five,https://../index.html
32,Alight (The Generations Trilogy #2),Â£58.59,Four,https://../index.html
33,Shopaholic Ties the Knot (Shopaholic #3),Â£48.39,Five,https://../index.html
34,Far From True (Promise Falls Trilogy #2),Â£34.93,Two,https://../index.html
35,Walk the Edge (Thunder Road #2),Â£32.36,Three,https://../index.html
36,The Silkworm (Cormoran Strike #2),Â£23.05,Five,https://../index.html
37,The Lean Startup: How Today's Entrepreneurs Use Continuous Innovation to Create Radically Successful Businesses,Â£33.92,Three,https://../index.html
38,The Da Vinci Code (Robert Langdon #2),Â£22.96,Two,https://../index.html
39,Seven Days in the Art World,Â£52.33,Two,https://../index.html
40,Notes from a Small Island (Notes From a Small Island #1),Â£40.17,One,https://../index.html
41,Jurassic Park (Jurassic Park #1),Â£44.97,One,https://../index.html
42,Girl in the Blue Coat,Â£46.83,Two,https://../index.html
43,Civilization and Its Discontents,Â£59.95,Two,https://../index.html
44,Annie on My Mind,Â£36.83,Five,https://../index.html
45,"Fruits Basket, Vol. 2 (Fruits Basket #2)",Â£11.64,Five,https://../index.html
46,The Secret Healer,Â£34.56,Three,https://../index.html
47,The Bhagavad Gita,Â£57.49,Three,https://../index.html
48,On the Road (Duluoz Legend),Â£32.36,Three,https://../index.html
49,Frankenstein,Â£38.00,Two,https://../index.html
50,A Light in the Attic,Â£51.77,Three,https://../index.html
51,In Her Wake,Â£12.84,One,https://../index.html
52,Slow States of Collapse: Poems,Â£57.31,Three,https://../index.html
53,The Nameless City (The Nameless City #1),Â£38.16,Four,https://../index.html
54,"Princess Jellyfish 2-in-1 Omnibus, Vol. 01 (Princess Jellyfish 2-in-1 Omnibus #1)",Â£13.61,Five,https://../index.html
55,Immunity: How Elie Metchnikoff Changed the Course of Modern Medicine,Â£57.36,Five,https://../index.html
56,Algorithms to Live By: The Computer Science of Human Decisions,Â£30.81,One,https://../index.html
57,The Shadow Hero (The Shadow Hero),Â£33.14,One,https://../index.html
58,The Bridge to Consciousness: I'm Writing the Bridge Between Science and Our Old and New Beliefs.,Â£32.00,Three,https://../index.html
59,Modern Romance,Â£28.26,Five,https://../index.html
60,Dark Notes,Â£19.19,Five,https://../index.html
61,Whole Lotta Creativity Going On: 60 Fun and Unusual Exercises to Awaken and Strengthen Your Creativity,Â£38.20,Four,https://../index.html
62,The Power of Habit: Why We Do What We Do in Life and Business,Â£16.88,Three,https://../index.html
63,Swell: A Year of Waves,Â£45.58,One,https://../index.html
64,My Name Is Lucy Barton,Â£41.56,One,https://../index.html
65,Hold Your Breath (Search and Rescue #1),Â£28.82,One,https://../index.html
66,Code Name Verity (Code Name Verity #1),Â£22.13,Four,https://../index.html
67,All the Light We Cannot See,Â£29.87,Five,https://../index.html
68,The Midnight Watch: A Novel of the Titanic and the Californian,Â£26.20,One,https://../index.html
69,Hide Away (Eve Duncan #20),Â£11.84,One,https://../index.html
70,Mothering Sunday,Â£13.34,Two,https://../index.html
71,Without Shame,Â£48.27,Five,https://../index.html
72,Chernobyl 01:23:40: The Incredible True Story of the World's Worst Nuclear Disaster,Â£35.92,Two,https://../index.html
73,Roller Girl,Â£14.10,Five,https://../index.html
74,Heaven is for Real: A Little Boy's Astounding Story of His Trip to Heaven and Back,Â£52.86,Two,https://../index.html
75,The Story of Art,Â£41.14,Four,https://../index.html
76,Nightstruck: A Novel,Â£50.35,Four,https://../index.html
77,Benjamin Franklin: An American Life,Â£48.19,Three,https://../index.html
78,The Barefoot Contessa Cookbook,Â£59.92,Five,https://../index.html
79,World Without End (The Pillars of the Earth #2),Â£32.97,Four,https://../index.html
80,The Dream Thieves (The Raven Cycle #2),Â£34.50,One,https://../index.html
81,Isla and the Happily Ever After (Anna and the French Kiss #3),Â£48.13,Five,https://../index.html
82,Alight (The Generations Trilogy #2),Â£58.59,Four,https://../index.html
83,Shopaholic Ties the Knot (Shopaholic #3),Â£48.39,Five,https://../index.html
84,Far From True (Promise Falls Trilogy #2),Â£34.93,Two,https://../index.html
85,Walk the Edge (Thunder Road #2),Â£32.36,Three,https://../index.html
86,The Silkworm (Cormoran Strike #2),Â£23.05,Five,https://../index.html
87,The Lean Startup: How Today's Entrepreneurs Use Continuous Innovation to Create Radically Successful Businesses,Â£33.92,Three,https://../index.html
88,The Da Vinci Code (Robert Langdon #2),Â£22.96,Two,https://../index.html
89,Seven Days in the Art World,Â£52.33,Two,https://../index.html
90,Notes from a Small Island (Notes From a Small Island #1),Â£40.17,One,https://../index.html
91,Jurassic Park (Jurassic Park #1),Â£44.97,One,https://../index.html
92,Girl in the Blue Coat,Â£46.83,Two,https://../index.html
93,Civilization and Its Discontents,Â£59.95,Two,https://../index.html
94,Annie on My Mind,Â£36.83,Five,https://../index.html
95,"Fruits Basket, Vol. 2 (Fruits Basket #2)",Â£11.64,Five,https://../index.html
96,The Secret Healer,Â£34.56,Three,https://../index.html
97,The Bhagavad Gita,Â£57.49,Three,https://../index.html
98,On the Road (Duluoz Legend),Â£32.36,Three,https://../index.html
99,Frankenstein,Â£38.00,Two,https://../index.html
100,A Light in the Attic,Â£51.77,Three,https://../index.html
101,In Her Wake,Â£12.84,One,https://../index.html
102,Slow States of Collapse: Poems,Â£57.31,Three,https://../index.html
103,The Nameless City (The Nameless City #1),Â£38.16,Four,https://../index.html
104,"Princess Jellyfish 2-in-1 Omnibus, Vol. 01 (Princess Jellyfish 2-in-1 Omnibus #1)",Â£13.61,Five,https://../index.html
105,Immunity: How Elie Metchnikoff Changed the Course of Modern Medicine,Â£57.36,Five,https://../index.html
106,Algorithms to Live By: The Computer Science of Human Decisions,Â£30.81,One,https://../index.html
107,The Shadow Hero (The Shadow Hero),Â£33.14,One,https://../index.html
108,The Bridge to Consciousness: I'm Writing the Bridge Between Science and Our Old and New Beliefs.,Â£32.00,Three,https://../index.html
109,Modern Romance,Â£28.26,Five,https://../index.html
110,Dark Notes,Â£19.19,Five,https://../index.html
111,Whole Lotta Creativity Going On: 60 Fun and Unusual Exercises to Awaken and Strengthen Your Creativity,Â£38.20,Four,https://../index.html
112,The Power of Habit: Why We Do What We Do in Life and Business,Â£16.88,Three,https://../index.html
113,Swell: A Year of Waves,Â£45.58,One,https://../index.html
114,My Name Is Lucy Barton,Â£41.56,One,https://../index.html
115,Hold Your Breath (Search and Rescue #1),Â£28.82,One,https://../index.html
116,Code Name Verity (Code Name Verity #1),Â£22.13,Four,https://../index.html
117,All the Light We Cannot See,Â£29.87,Five,https://../index.html
118,The Midnight Watch: A Novel of the Titanic and the Californian,Â£26.20,One,https://../index.html
119,Hide Away (Eve Duncan #20),Â£11.84,One,https://../index.html
120,Mothering Sunday,Â£13.34,Two,https://../index.html
121,Without Shame,Â£48.27,Five,https://../index.html
122,Chernobyl 01:23:40: The Incredible True Story of the World's Worst Nuclear Disaster,Â£35.92,Two,https://../index.html
123,Roller Girl,Â£14.10,Five,https://../index.html
124,Heaven is for Real: A Little Boy's Astounding Story of His Trip to Heaven and Back,Â£52.86,Two,https://../index.html
125,The Story of Art,Â£41.14,Four,https://../index.html
126,Nightstruck: A Novel,Â£50.35,Four,https://../index.html
127,Benjamin Franklin: An American Life,Â£48.19,Three,https://../index.html
128,The Barefoot Contessa Cookbook,Â£59.92,Five,https://../index.html
129,World Without End (The Pillars of the Earth #2),Â£32.97,Four,https://../index.html
130,The Dream Thieves (The Raven Cycle #2),Â£34.50,One,https://../index.html
131,Isla and the Happily Ever After (Anna and the French Kiss #3),Â£48.13,Five,https://../index.html
132,Alight (The Generations Trilogy #2),Â£58.59,Four,https://../index.html
133,Shopaholic Ties the Knot (Shopaholic #3),Â£48.39,Five,https://../index.html
134,Far From True (Promise Falls Trilogy #2),Â£34.93,Two,https://../index.html
135,Walk the Edge (Thunder Road #2),Â£32.36,Three,https://../index.html
136,The Silkworm (Cormoran Strike #2),Â£23.05,Five,https://../index.html
137,The Lean Startup: How Today's Entrepreneurs Use Continuous Innovation to Create Radically Successful Businesses,Â£33.92,Three,https://../index.html
138,The Da Vinci Code (Robert Langdon #2),Â£22.96,Two,https://../index.html
139,Seven Days in the Art World,Â£52.33,Two,https://../index.html
140,Notes from a Small Island (Notes From a Small Island #1),Â£40.17,One,https://../index.html
141,Jurassic Park (Jurassic Park #1),Â£44.97,One,https://../index.html
142,Girl in the Blue Coat,Â£46.83,Two,https://../index.html
143,Civilization and Its Discontents,Â£59.95,Two,https://../index.html
144,Annie on My Mind,Â£36.83,Five,https://../index.html
145,"Fruits Basket, Vol. 2 (Fruits Basket #2)",Â£11.64,Five,https://../index.html
146,The Secret Healer,Â£34.56,Three,https://../index.html
147,The Bhagavad Gita,Â£57.49,Three,https://../index.html
148,On the Road (Duluoz Legend),Â£32.36,Three,https://../index.html
149,Frankenstein,Â£38.00,Two,https://../index.html
